{
"listeV" : [

	{
		"annee" : "2002",
		"kilometrage": "100000",
		"constructeur": "renault",
		"modele": "clio",
		"immatriculation": "TA-442-CO",
		"fonctionne": true
	},

	{
		"annee" : "2005",
		"kilometrage": "175000",
		"constructeur": "renault",
		"modele": "clio",
		"immatriculation": "KX-162-RS",
		"fonctionne": false,
		"pieceAReparer": [{
				"type": "portière",
				"reference": "203F"
			}, {
				"type": "capot",
				"reference": "1125D-Y"
			},

			{
				"type": "clignotant",
				"reference": "1880P-T"
			}

		]



	},

	{
		"annee" : "2015",
		"kilometrage": "5000",
		"constructeur": "renault",
		"modele": "clio",
		"immatriculation": "SA-664-KL",
		"fonctionne": true

	},

	{
		"annee" : "2010",
		"kilometrage": "100000",
		"constructeur": "renault",
		"modele": "clio",
		"immatriculation": "PF-531-HU",
		"fonctionne": true

	}

]
}